id,name,genre_id,unit_id,nutrition
1,たまねぎ,1,3,"{""fat"":1.13,""salt"":0,""protein"":1.88,""calories"":69.6,""carbohydrates"":0.19}"
2,にんじん,1,7,"{""fat"":1.08,""salt"":0,""protein"":1.44,""calories"":64.8,""carbohydrates"":0.18}"
3,じゃがいも,1,3,"{""fat"":1.32,""salt"":0,""protein"":1.76,""calories"":83.6,""carbohydrates"":0.11}"
4,キャベツ,1,3,"{""fat"":8.04,""salt"":0,""protein"":11.61,""calories"":205.4,""carbohydrates"":1.79}"
5,ねぎ,1,7,"{""fat"":0.36,""salt"":0,""protein"":0.6,""calories"":22.2,""carbohydrates"":0.06}"
6,だいこん,1,7,"{""fat"":2.25,""salt"":0,""protein"":3,""calories"":135,""carbohydrates"":0.75}"
7,トマト,1,3,"{""fat"":0.82,""salt"":0,""protein"":1.15,""calories"":31.3,""carbohydrates"":0.17}"
8,ピーマン,1,3,"{""fat"":0.18,""salt"":0,""protein"":0.23,""calories"":5.7,""carbohydrates"":0.05}"
9,きゅうり,1,7,"{""fat"":0.69,""salt"":0,""protein"":0.98,""calories"":13.7,""carbohydrates"":0.1}"
10,しょうが,1,3,"{""fat"":0.17,""salt"":0,""protein"":0.22,""calories"":7.2,""carbohydrates"":0.07}"
11,にんにく,1,3,"{""fat"":1.99,""salt"":0,""protein"":3.26,""calories"":69.4,""carbohydrates"":0.46}"
12,しそ,1,8,"{""fat"":0.31,""salt"":0,""protein"":0.39,""calories"":3.7,""carbohydrates"":0.01}"
13,なす,1,7,"{""fat"":0.63,""salt"":0,""protein"":0.99,""calories"":19.8,""carbohydrates"":0.09}"
14,かぼちゃ,1,3,"{""fat"":2.7,""salt"":0,""protein"":4.27,""calories"":204.8,""carbohydrates"":0.67}"
15,レタス,1,3,"{""fat"":2.45,""salt"":0,""protein"":2.94,""calories"":58.8,""carbohydrates"":0.49}"
16,しいたけ,1,3,"{""fat"":0.44,""salt"":0,""protein"":0.69,""calories"":4.4,""carbohydrates"":0.07}"
17,しめじ,1,15,"{""fat"":1.44,""salt"":0,""protein"":2.43,""calories"":16.2,""carbohydrates"":0.54}"
18,えのき,1,15,"{""fat"":1.8,""salt"":0,""protein"":3.24,""calories"":26.4,""carbohydrates"":0.24}"
19,ブロッコリー,1,10,"{""fat"":3.92,""salt"":0,""protein"":5.8,""calories"":44.6,""carbohydrates"":0.68}"
20,もやし,1,11,"{""fat"":0,""salt"":0,""protein"":3.14,""calories"":23.5,""carbohydrates"":0.2}"
21,豆苗,1,11,"{""fat"":0.44,""salt"":0,""protein"":4.18,""calories"":31,""carbohydrates"":4.4}"
22,白菜,1,3,"{""fat"":9.4,""salt"":0,""protein"":12.22,""calories"":122.2,""carbohydrates"":0.94}"
23,ほうれんそう,1,23,"{""fat"":2.9,""salt"":0,""protein"":4,""calories"":36,""carbohydrates"":0.7}"
24,にら,1,23,"{""fat"":1.14,""salt"":0,""protein"":1.615,""calories"":19.95,""carbohydrates"":0.285}"
25,アボカド,1,3,"{""fat"":2.52,""salt"":0,""protein"":3.5,""calories"":261.8,""carbohydrates"":26.179999999999996}"
26,パプリカ,1,3,"{""fat"":0.2,""salt"":0,""protein"":0.3,""calories"":8.1,""carbohydrates"":0.1}"
27,ミニトマト,1,15,"{""fat"":0.1,""salt"":0,""protein"":0.1,""calories"":2.9,""carbohydrates"":0}"
28,さつまいも,1,7,"{""fat"":1.8,""salt"":0,""protein"":2.2,""calories"":243.9,""carbohydrates"":0.4}"
29,ごぼう,1,7,"{""fat"":1.9800000000000002,""salt"":0,""protein"":3.24,""calories"":117,""carbohydrates"":0.18000000000000002}"
30,れんこん,1,1,"{""fat"":1.3,""salt"":0,""protein"":1.9,""calories"":67.3,""carbohydrates"":0.1}"
31,オクラ,1,7,"{""fat"":0.12,""salt"":0,""protein"":0.168,""calories"":2.4,""carbohydrates"":0.016}"
32,とうもろこし,1,7,"{""fat"":4.9,""salt"":0,""protein"":6.5,""calories"":165.6,""carbohydrates"":3.1}"
33,アスパラ,1,7,"{""fat"":0.3,""salt"":0,""protein"":0.4,""calories"":3.5,""carbohydrates"":0}"
34,エリンギ,1,7,"{""fat"":1.2,""salt"":0,""protein"":2,""calories"":13.6,""carbohydrates"":0.2}"
35,まいたけ,1,15,"{""fat"":0.8,""salt"":0,""protein"":1.4,""calories"":16.2,""carbohydrates"":0.5}"
36,マッシュルーム,1,15,"{""fat"":0.2,""salt"":0,""protein"":0.4,""calories"":1.5,""carbohydrates"":0}"
37,小松菜,1,23,"{""fat"":2.2,""salt"":0,""protein"":2.5,""calories"":23.8,""carbohydrates"":0.3}"
38,チンゲンサイ,1,10,"{""fat"":0.6,""salt"":0,""protein"":0.5,""calories"":7.6,""carbohydrates"":0.1}"
39,水菜,1,11,"{""fat"":3.2,""salt"":0,""protein"":3.7,""calories"":39.1,""carbohydrates"":0.2}"
40,かぶ,1,3,"{""fat"":2.4,""salt"":0,""protein"":2.7,""calories"":23.8,""carbohydrates"":0.1}"
41,さといも,1,3,"{""fat"":0.5,""salt"":0,""protein"":0.6,""calories"":24.9,""carbohydrates"":0}"
42,長いも,1,3,"{""fat"":10.1,""salt"":0,""protein"":15.8,""calories"":468,""carbohydrates"":2.2}"
43,セロリ,1,7,"{""fat"":0.3,""salt"":0,""protein"":0.3,""calories"":9.8,""carbohydrates"":0.1}"
44,ズッキーニ,1,7,"{""fat"":1.7,""salt"":0,""protein"":2.5,""calories"":26.9,""carbohydrates"":0.2}"
45,ゴーヤ,1,7,"{""fat"":0.2,""salt"":0,""protein"":2.1,""calories"":32,""carbohydrates"":8.3}"
46,トマト缶,1,12,"{""fat"":0.8,""salt"":0.4,""protein"":3.6,""calories"":84,""carbohydrates"":17.6}"
47,コーン,1,1,"{""fat"":0.3,""salt"":0,""protein"":1.1,""calories"":39,""carbohydrates"":8.9}"
48,ミックスベジタブル,1,1,"{""fat"":0.3,""salt"":0.1,""protein"":1.5,""calories"":33.5,""carbohydrates"":8}"
49,えんどう豆,1,1,"{""fat"":1.1,""salt"":0.5,""protein"":10.4,""calories"":155,""carbohydrates"":29}"
50,いんげん,1,1,"{""fat"":0.6,""salt"":0,""protein"":0.9,""calories"":11.5,""carbohydrates"":0.1}"
51,えだまめ,1,1,"{""fat"":5,""salt"":0,""protein"":5.8,""calories"":67.5,""carbohydrates"":3.1}"
52,切り干し大根,1,1,"{""fat"":1.5,""salt"":0.3,""protein"":1.6,""calories"":40.2,""carbohydrates"":5.5}"
53,みょうが,1,3,"{""fat"":0.1,""salt"":0,""protein"":0.1,""calories"":1,""carbohydrates"":0}"
54,干ししいたけ,1,1,"{""fat"":0.6,""salt"":0,""protein"":4.3,""calories"":50,""carbohydrates"":10.3}"
55,きくらげ,1,1,"{""fat"":2.2,""salt"":0,""protein"":3.5,""calories"":85.5,""carbohydrates"":0.3}"
56,ししとう,1,7,"{""fat"":0.1,""salt"":0,""protein"":0.1,""calories"":1.1,""carbohydrates"":0}"
57,なめこ,1,11,"{""fat"":0.8,""salt"":0,""protein"":1.4,""calories"":12,""carbohydrates"":0.2}"
58,たくあん,1,1,"{""fat"":0,""salt"":0,""protein"":0.9,""calories"":13.5,""carbohydrates"":0.1}"
59,高菜,1,1,"{""fat"":0.8,""salt"":0,""protein"":0.9,""calories"":10.5,""carbohydrates"":0.1}"
60,らっきょう,1,3,"{""fat"":0,""salt"":0,""protein"":0.1,""calories"":5.9,""carbohydrates"":0}"
61,かいわれ大根,1,15,"{""fat"":0.9,""salt"":0,""protein"":1,""calories"":10.3,""carbohydrates"":0.2}"
62,みつば,1,11,"{""fat"":0.7,""salt"":0,""protein"":0.8,""calories"":13.5,""carbohydrates"":0.1}"
63,ベビーリーフ,1,11,"{""fat"":0.4,""salt"":0.1,""protein"":3.1,""calories"":20,""carbohydrates"":1.7}"
64,クレソン,1,23,"{""fat"":0.6,""salt"":0,""protein"":0.9,""calories"":6.5,""carbohydrates"":0}"
65,ルッコラ,1,11,"{""fat"":0,""salt"":0,""protein"":0.9,""calories"":9.3,""carbohydrates"":0.2}"
66,芽キャベツ,1,3,"{""fat"":0.2,""salt"":0,""protein"":0.3,""calories"":2.5,""carbohydrates"":0}"
67,ラディッシュ,1,3,"{""fat"":0.1,""salt"":0,""protein"":0.1,""calories"":1.6,""carbohydrates"":0}"
68,ヤングコーン,1,7,"{""fat"":0.2,""salt"":0,""protein"":0.2,""calories"":2.9,""carbohydrates"":0}"
69,そらまめ,1,1,"{""fat"":10,""salt"":0,""protein"":13,""calories"":174,""carbohydrates"":1}"
70,茎にんにく,1,7,"{""fat"":0.1,""salt"":0,""protein"":0.2,""calories"":4.5,""carbohydrates"":0}"
71,グリンピース,1,1,"{""fat"":2.5,""salt"":0,""protein"":3.5,""calories"":46.5,""carbohydrates"":0.2}"
72,菜の花,1,23,"{""fat"":0.4,""salt"":0,""protein"":8.8,""calories"":68,""carbohydrates"":11.6}"
73,春菊,1,23,"{""fat"":3.6,""salt"":0,""protein"":4.6,""calories"":44,""carbohydrates"":0.6}"
74,野沢菜,1,11,"{""fat"":0.2,""salt"":0,""protein"":1.9,""calories"":29,""carbohydrates"":7.3}"
75,モロヘイヤ,1,11,"{""fat"":3.6,""salt"":0,""protein"":4.8,""calories"":38,""carbohydrates"":0.5}"
76,空心菜,1,23,"{""fat"":0,""salt"":0,""protein"":3.3,""calories"":25.5,""carbohydrates"":0.2}"
77,ピクルス,1,1,"{""fat"":0.1,""salt"":0,""protein"":0.1,""calories"":33.5,""carbohydrates"":0.1}"
78,クリームコーン,1,12,"{""fat"":0.9,""salt"":1.3,""protein"":3.1,""calories"":148,""carbohydrates"":33.5}"
79,ビーツ,1,1,"{""fat"":0.5,""salt"":0,""protein"":0.8,""calories"":20.5,""carbohydrates"":0.1}"
80,マツタケ,1,7,"{""fat"":0,""salt"":0,""protein"":0.8,""calories"":9,""carbohydrates"":0.2}"
81,ぎんなん,1,1,"{""fat"":2,""salt"":0,""protein"":2.4,""calories"":85.5,""carbohydrates"":0.8}"
82,うり,1,1,"{""fat"":0.3,""salt"":0,""protein"":0.5,""calories"":7.5,""carbohydrates"":0.1}"
83,ふき,1,7,"{""fat"":0,""salt"":0,""protein"":0.2,""calories"":6.6,""carbohydrates"":0}"
84,うど,1,7,"{""fat"":0,""salt"":0,""protein"":1,""calories"":23.4,""carbohydrates"":0.1}"
85,せり,1,23,"{""fat"":1.3,""salt"":0,""protein"":1.4,""calories"":11.9,""carbohydrates"":0.1}"
86,たけのこ,1,1,"{""fat"":1.3,""salt"":0,""protein"":1.8,""calories"":13,""carbohydrates"":0.1}"
87,たらの芽,1,1,"{""fat"":0,""salt"":0,""protein"":2.1,""calories"":13.5,""carbohydrates"":0.1}"
88,菊,1,3,"{""fat"":0,""salt"":0,""protein"":0.1,""calories"":1.4,""carbohydrates"":0}"
89,ぜんまい,1,1,"{""fat"":0,""salt"":0,""protein"":0.8,""calories"":14.5,""carbohydrates"":0.1}"
90,こごみ,1,3,"{""fat"":0,""salt"":0,""protein"":0.2,""calories"":1.4,""carbohydrates"":0}"
91,ゆり根,1,3,"{""fat"":0,""salt"":0,""protein"":3.4,""calories"":112.5,""carbohydrates"":0.1}"
92,じゅんさい,1,1,"{""fat"":0,""salt"":0,""protein"":0.2,""calories"":2.5,""carbohydrates"":0}"
93,かんきつ類,1,3,"{""fat"":0.3,""salt"":0,""protein"":0.5,""calories"":23,""carbohydrates"":0.1}"
94,鶏もも肉,2,1,"{""fat"":8.3,""salt"":0,""protein"":8.3,""calories"":102,""carbohydrates"":7.1}"
95,鶏むね肉,2,1,"{""fat"":8.4,""salt"":0,""protein"":10.7,""calories"":72.5,""carbohydrates"":3}"
96,鶏ささみ,2,1,"{""fat"":0,""salt"":0,""protein"":11.5,""calories"":52.5,""carbohydrates"":0.4}"
97,鶏手羽肉,2,1,"{""fat"":8.1,""salt"":0,""protein"":8.9,""calories"":105,""carbohydrates"":7.2}"
98,砂肝,2,1,"{""fat"":0.9,""salt"":0,""protein"":9.2,""calories"":43,""carbohydrates"":0}"
99,鶏レバー,2,1,"{""fat"":1.6,""salt"":0.2,""protein"":9.4,""calories"":50,""carbohydrates"":0.3}"
100,牛ひき肉,2,1,"{""fat"":7,""salt"":0,""protein"":8.6,""calories"":136,""carbohydrates"":10.6}"
101,豚ひき肉,2,1,"{""fat"":7.8,""salt"":0,""protein"":8.8,""calories"":118,""carbohydrates"":8.6}"
102,鶏ひき肉,2,1,"{""fat"":7.2,""salt"":0,""protein"":8.8,""calories"":93,""carbohydrates"":6}"
103,豚ロース肉,2,1,"{""fat"":8.4,""salt"":0,""protein"":9.7,""calories"":131.5,""carbohydrates"":9.6}"
104,豚もも肉,2,1,"{""fat"":8.4,""salt"":0,""protein"":10.3,""calories"":91.5,""carbohydrates"":5.1}"
105,豚バラ肉,2,1,"{""fat"":6.3,""salt"":0,""protein"":7.2,""calories"":197.5,""carbohydrates"":17.7}"
106,豚ヒレ肉,2,1,"{""fat"":9.1,""salt"":0,""protein"":11.1,""calories"":65,""carbohydrates"":1.9}"
107,豚レバー,2,1,"{""fat"":1.7,""salt"":0.1,""protein"":10.2,""calories"":57,""carbohydrates"":1.3}"
108,豚もつ,2,1,"{""fat"":6.9,""salt"":0,""protein"":5.8,""calories"":83,""carbohydrates"":0}"
109,牛バラ肉,2,1,"{""fat"":4.8,""salt"":0,""protein"":5.5,""calories"":258.5,""carbohydrates"":25}"
110,牛ヒレ肉,2,1,"{""fat"":8.3,""salt"":0,""protein"":9.6,""calories"":111.5,""carbohydrates"":7.5}"
111,牛もも肉,2,1,"{""fat"":8.1,""salt"":0,""protein"":9.6,""calories"":129.5,""carbohydrates"":9.3}"
112,牛ロース肉,2,1,"{""fat"":5.9,""salt"":0,""protein"":6.9,""calories"":205.5,""carbohydrates"":18.7}"
113,牛タン,2,1,"{""fat"":6,""salt"":0,""protein"":6.7,""calories"":178,""carbohydrates"":15.9}"
114,牛レバー,2,1,"{""fat"":1.9,""salt"":0.3,""protein"":9.8,""calories"":60,""carbohydrates"":1.9}"
115,鶏皮,2,1,"{""fat"":3.3,""salt"":0,""protein"":4.7,""calories"":246,""carbohydrates"":24.1}"
116,ラム肉,2,1,"{""fat"":6.7,""salt"":0,""protein"":7.8,""calories"":155,""carbohydrates"":12.9}"
117,鴨肉,2,1,"{""fat"":9.9,""salt"":0,""protein"":11.8,""calories"":64,""carbohydrates"":1.5}"
118,ベーコン,2,1,"{""fat"":5.2,""salt"":0,""protein"":6.5,""calories"":202.5,""carbohydrates"":19.6}"
119,ソーセージ,2,1,"{""fat"":6,""salt"":0,""protein"":7,""calories"":139.5,""carbohydrates"":12.2}"
120,ハム,2,15,"{""fat"":0,""salt"":0,""protein"":5.4,""calories"":63.2,""carbohydrates"":2.7}"
121,チャーシュー,2,1,"{""fat"":4.1,""salt"":1,""protein"":9.7,""calories"":83,""carbohydrates"":2.5}"
122,スパム,2,1,"{""fat"":14.3,""salt"":1.3,""protein"":6.2,""calories"":158,""carbohydrates"":1.1}"
123,コンビーフ,2,1,"{""fat"":8.6,""salt"":0,""protein"":9.9,""calories"":101.5,""carbohydrates"":6.5}"
124,サラミ,2,1,"{""fat"":21,""salt"":0.8,""protein"":13.3,""calories"":234,""carbohydrates"":1.3}"
125,さけ,3,16,"{""fat"":14.3,""salt"":0,""protein"":17.4,""calories"":123.2,""carbohydrates"":5.3}"
126,さば,3,16,"{""fat"":13.9,""salt"":0,""protein"":16.5,""calories"":197.6,""carbohydrates"":13.4}"
127,まぐろ,3,1,"{""fat"":10.1,""salt"":0,""protein"":12.2,""calories"":53,""carbohydrates"":0.2}"
128,サーモン,3,1,"{""fat"":8.5,""salt"":0,""protein"":9.8,""calories"":112,""carbohydrates"":0.1}"
129,ぶり,3,1,"{""fat"":9.1,""salt"":0,""protein"":10.7,""calories"":128.5,""carbohydrates"":8.8}"
130,タラ,3,16,"{""fat"":11.1,""salt"":0,""protein"":14.1,""calories"":61.6,""carbohydrates"":0.2}"
131,たい,3,16,"{""fat"":12.2,""salt"":0,""protein"":14.4,""calories"":99.4,""carbohydrates"":4.1}"
132,カツオ,3,1,"{""fat"":10.1,""salt"":0,""protein"":12.9,""calories"":57,""carbohydrates"":0.3}"
133,かじき,3,16,"{""fat"":14.9,""salt"":0,""protein"":19.2,""calories"":153,""carbohydrates"":7.6}"
134,さんま,3,14,"{""fat"":23.4,""salt"":0,""protein"":26.4,""calories"":445.5,""carbohydrates"":35.4}"
135,イワシ,3,14,"{""fat"":18,""salt"":0,""protein"":21.3,""calories"":136,""carbohydrates"":4.8}"
136,あじ,3,14,"{""fat"":16.4,""salt"":0,""protein"":19.7,""calories"":126,""carbohydrates"":4.5}"
137,ししゃも,3,14,"{""fat"":2.6,""salt"":0,""protein"":3.1,""calories"":24.9,""carbohydrates"":1.2}"
138,かれい,3,14,"{""fat"":69.6,""salt"":0,""protein"":78.4,""calories"":380,""carbohydrates"":5.2}"
139,ひらめ,3,16,"{""fat"":0,""salt"":0,""protein"":16,""calories"":82.4,""carbohydrates"":1.6}"
140,スズキ,3,16,"{""fat"":13.1,""salt"":0,""protein"":15.8,""calories"":98.4,""carbohydrates"":3.4}"
141,ほっけ,3,14,"{""fat"":45.3,""salt"":0,""protein"":51.9,""calories"":345,""carbohydrates"":13.2}"
142,きす,3,16,"{""fat"":6.3,""salt"":0,""protein"":7.4,""calories"":32,""carbohydrates"":0.1}"
143,ムツ,3,16,"{""fat"":14.2,""salt"":0,""protein"":16.7,""calories"":189,""carbohydrates"":12.6}"
144,タチウオ,3,16,"{""fat"":9.9,""salt"":0,""protein"":11.5,""calories"":186.2,""carbohydrates"":14.6}"
145,キンキ,3,16,"{""fat"":19.5,""salt"":0,""protein"":12.2,""calories"":214,""carbohydrates"":0}"
146,にしん,3,14,"{""fat"":23.9,""salt"":0,""protein"":28.7,""calories"":356.4,""carbohydrates"":24.9}"
147,メバル,3,14,"{""fat"":9.2,""salt"":0,""protein"":10.9,""calories"":65.4,""carbohydrates"":2.1}"
148,はも,3,1,"{""fat"":9.3,""salt"":0,""protein"":11.2,""calories"":72,""carbohydrates"":2.6}"
149,カワハギ,3,14,"{""fat"":21.7,""salt"":0,""protein"":26.3,""calories"":112,""carbohydrates"":0.1}"
150,ワカサギ,3,15,"{""fat"":7,""salt"":0,""protein"":8.6,""calories"":46.2,""carbohydrates"":1}"
151,あゆ,3,14,"{""fat"":7.3,""salt"":0,""protein"":9.2,""calories"":50,""carbohydrates"":1.2}"
152,うなぎ,3,1,"{""fat"":7,""salt"":0,""protein"":8.6,""calories"":127.5,""carbohydrates"":9.7}"
153,あなご,3,16,"{""fat"":12.7,""salt"":0,""protein"":15.6,""calories"":144.9,""carbohydrates"":8.4}"
154,いか,3,24,"{""fat"":27.5,""salt"":0,""protein"":37.6,""calories"":174.3,""carbohydrates"":1.7}"
155,たこ,3,1,"{""fat"":5.7,""salt"":0,""protein"":8.2,""calories"":38,""carbohydrates"":0.3}"
156,エビ,3,1,"{""fat"":8.1,""salt"":0,""protein"":9.8,""calories"":45.5,""carbohydrates"":0.3}"
157,甘エビ,3,15,"{""fat"":19.6,""salt"":0,""protein"":23.8,""calories"":104.4,""carbohydrates"":0.4}"
158,伊勢エビ,3,14,"{""fat"":10.3,""salt"":0,""protein"":12.5,""calories"":55.2,""carbohydrates"":0.2}"
159,カニ,3,1,"{""fat"":5.2,""salt"":0,""protein"":7,""calories"":31.5,""carbohydrates"":0.2}"
160,あさり,3,1,"{""fat"":2.3,""salt"":0,""protein"":3,""calories"":15,""carbohydrates"":0.1}"
161,しじみ,3,1,"{""fat"":2.9,""salt"":0,""protein"":3.8,""calories"":32,""carbohydrates"":0.7}"
162,ホタテ,3,1,"{""fat"":4.9,""salt"":0,""protein"":6.8,""calories"":36,""carbohydrates"":0.5}"
163,牡蠣,3,15,"{""fat"":4.6,""salt"":0,""protein"":6.6,""calories"":60,""carbohydrates"":1.4}"
164,貝柱,3,1,"{""fat"":6,""salt"":0,""protein"":8.4,""calories"":44,""carbohydrates"":0.1}"
165,はまぐり,3,1,"{""fat"":2.2,""salt"":0,""protein"":3,""calories"":19.5,""carbohydrates"":0.3}"
166,ムール貝,3,3,"{""fat"":0.2,""salt"":0,""protein"":1.2,""calories"":8,""carbohydrates"":0.4}"
167,あわび,3,3,"{""fat"":6.1,""salt"":0,""protein"":8.6,""calories"":49.6,""carbohydrates"":0.2}"
168,ばか貝,3,1,"{""fat"":4.2,""salt"":0,""protein"":5.5,""calories"":30.5,""carbohydrates"":0.3}"
169,赤貝,3,1,"{""fat"":5.2,""salt"":0,""protein"":6.8,""calories"":37,""carbohydrates"":0.1}"
170,ばい貝,3,3,"{""fat"":2.1,""salt"":0,""protein"":2.9,""calories"":15.7,""carbohydrates"":0.1}"
171,しらす,3,1,"{""fat"":5.7,""salt"":0,""protein"":7.5,""calories"":38,""carbohydrates"":0.7}"
172,たらこ,3,1,"{""fat"":10.3,""salt"":0,""protein"":12,""calories"":70,""carbohydrates"":2.4}"
173,さくらえび,3,1,"{""fat"":0,""salt"":0,""protein"":9.1,""calories"":45.5,""carbohydrates"":0.8}"
174,イクラ,3,1,"{""fat"":0,""salt"":0,""protein"":16.3,""calories"":136,""carbohydrates"":7.8}"
175,とびっこ,3,1,"{""fat"":0.8,""salt"":2.4,""protein"":6,""calories"":42,""carbohydrates"":2.7}"
176,ウニ,3,1,"{""fat"":5.8,""salt"":0,""protein"":8,""calories"":60,""carbohydrates"":2.4}"
177,かずのこ,3,1,"{""fat"":13.4,""salt"":0,""protein"":12.6,""calories"":81,""carbohydrates"":3.4}"
178,しらこ,3,1,"{""fat"":3.6,""salt"":0,""protein"":6.7,""calories"":31,""carbohydrates"":0.4}"
179,ほたるいか,3,1,"{""fat"":3.8,""salt"":0,""protein"":5.9,""calories"":42,""carbohydrates"":1.8}"
180,くらげ,3,1,"{""fat"":0,""salt"":0,""protein"":2.6,""calories"":11,""carbohydrates"":0}"
181,シーフードミックス,3,1,"{""fat"":0.1,""salt"":0.6,""protein"":6.9,""calories"":31,""carbohydrates"":0.1}"
182,ツナ缶,3,12,"{""fat"":0.1,""salt"":1,""protein"":29.2,""calories"":437,""carbohydrates"":0.05}"
183,さば水煮缶,3,12,"{""fat"":34.6,""salt"":0,""protein"":41.8,""calories"":380,""carbohydrates"":21.4}"
184,缶,3,12,"{""fat"":31.32,""salt"":0,""protein"":38.16,""calories"":306,""carbohydrates"":15.3}"
185,ちくわ,3,7,"{""fat"":0.17,""salt"":0.6,""protein"":5.54,""calories"":45,""carbohydrates"":5.59}"
186,かまぼこ,3,7,"{""fat"":15.8,""salt"":0,""protein"":17.4,""calories"":137.75,""carbohydrates"":1.3}"
187,はんぺん,3,8,"{""fat"":0,""salt"":0,""protein"":11.88,""calories"":112.8,""carbohydrates"":1.2}"
188,魚肉ソーセージ,3,7,"{""fat"":9.09,""salt"":0,""protein"":10.35,""calories"":144.9,""carbohydrates"":6.48}"
189,めかぶ,3,15,"{""fat"":0.35,""salt"":0,""protein"":0.45,""calories"":5.5,""carbohydrates"":0.3}"
190,米,4,28,"{""fat"":7.8,""salt"":0,""protein"":9.15,""calories"":537,""carbohydrates"":1.35}"
191,うどん,4,29,"{""fat"":5.06,""salt"":0,""protein"":5.98,""calories"":241.5,""carbohydrates"":0.92}"
192,麺,4,29,"{""fat"":10.58,""salt"":0,""protein"":11.27,""calories"":342.7,""carbohydrates"":1.38}"
193,パスタ,4,1,"{""fat"":3.65,""salt"":0,""protein"":3.9,""calories"":123.5,""carbohydrates"":0.95}"
194,ショートパスタ,4,1,"{""fat"":0.8,""salt"":0.02,""protein"":5.25,""calories"":179,""carbohydrates"":38}"
195,そば,4,29,"{""fat"":8,""salt"":0,""protein"":9.8,""calories"":274,""carbohydrates"":1.9}"
196,食パン,4,8,"{""fat"":4.5,""salt"":0,""protein"":5.58,""calories"":158.4,""carbohydrates"":2.64}"
197,パン,4,3,"{""fat"":3.3,""salt"":0,""protein"":4.2,""calories"":132,""carbohydrates"":1.1}"
198,フランスパン,4,7,"{""fat"":20.16,""salt"":0,""protein"":22.56,""calories"":669.6,""carbohydrates"":3.12}"
199,もち,4,3,"{""fat"":1.8,""salt"":0,""protein"":2,""calories"":117,""carbohydrates"":0.3}"
200,そうめん,4,23,"{""fat"":8.91,""salt"":0,""protein"":9.45,""calories"":342.9,""carbohydrates"":1.08}"
201,春雨,4,11,"{""fat"":0,""salt"":0,""protein"":0.2,""calories"":356,""carbohydrates"":0.4}"
202,小麦粉,4,1,"{""fat"":5.85,""salt"":0,""protein"":6.4,""calories"":164,""carbohydrates"":1.45}"
203,片栗粉,4,1,"{""fat"":0.05,""salt"":0,""protein"":0.05,""calories"":169,""carbohydrates"":40.8}"
204,パン粉,4,1,"{""fat"":4.45,""salt"":0,""protein"":5.5,""calories"":140,""carbohydrates"":2.55}"
205,お好み焼き粉,4,1,"{""fat"":0.8,""salt"":0.7,""protein"":4.1,""calories"":173,""carbohydrates"":37.4}"
206,ホットケーキミックス,4,1,"{""fat"":3.55,""salt"":0,""protein"":3.9,""calories"":182.5,""carbohydrates"":2}"
207,ベーキングパウダー,4,1,"{""fat"":0,""salt"":0,""protein"":0,""calories"":63.5,""carbohydrates"":0.6}"
208,もち米,4,28,"{""fat"":8.4,""salt"":0,""protein"":9.6,""calories"":538.5,""carbohydrates"":1.8}"
209,玄米,4,28,"{""fat"":3.6,""salt"":0,""protein"":4.2,""calories"":247.5,""carbohydrates"":1.5}"
210,そば米,4,28,"{""fat"":12,""salt"":0,""protein"":14.4,""calories"":546,""carbohydrates"":3.75}"
211,ドライイースト,4,4,"{""fat"":0.61,""salt"":0,""protein"":3.34,""calories"":28,""carbohydrates"":3.88}"
212,ゼラチン,4,4,"{""fat"":9.24,""salt"":0,""protein"":9.64,""calories"":37.84,""carbohydrates"":0.03}"
213,ココア,4,4,"{""fat"":0.79,""salt"":0.01,""protein"":1.11,""calories"":16.26,""carbohydrates"":1.3}"
214,米粉,4,17,"{""fat"":5.9,""salt"":0,""protein"":7.08,""calories"":441.32,""carbohydrates"":0.83}"
215,コーンスターチ,4,17,"{""fat"":0.77,""salt"":0,""protein"":0.11,""calories"":399,""carbohydrates"":94.93}"
216,てんぷら粉,4,17,"{""fat"":1.43,""salt"":0.55,""protein"":9.68,""calories"":371,""carbohydrates"":83.71}"
217,白玉粉,4,17,"{""fat"":6.48,""salt"":0,""protein"":7.56,""calories"":442.8,""carbohydrates"":1.2}"
218,上新粉,4,17,"{""fat"":6.89,""salt"":0,""protein"":8.06,""calories"":470.6,""carbohydrates"":1.17}"
219,雑穀米,4,4,"{""fat"":1.4,""salt"":0,""protein"":2.1,""calories"":57,""carbohydrates"":9.4}"
220,くず,4,17,"{""fat"":0,""salt"":0,""protein"":0.22,""calories"":381.7,""carbohydrates"":0.22}"
221,押し麦,4,17,"{""fat"":2.1,""salt"":0,""protein"":9.31,""calories"":498,""carbohydrates"":109.62}"
222,そば粉,4,17,"{""fat"":0,""salt"":0,""protein"":11.22,""calories"":396,""carbohydrates"":2.97}"
223,玄米粉,4,17,"{""fat"":5.83,""salt"":0,""protein"":7.81,""calories"":434.5,""carbohydrates"":3.19}"
224,塩,5,4,"{""fat"":0,""salt"":18,""protein"":0,""calories"":0,""carbohydrates"":0}"
225,こしょう,5,5,"{""fat"":0.18,""salt"":0,""protein"":0.22,""calories"":7.28,""carbohydrates"":0.12}"
226,砂糖,5,4,"{""fat"":0,""salt"":0,""protein"":0,""calories"":34.56,""carbohydrates"":0}"
227,醤油,5,4,"{""fat"":1.08,""salt"":0,""protein"":1.39,""calories"":12.78,""carbohydrates"":0}"
228,料理酒,5,4,"{""fat"":0,""salt"":0,""protein"":0.03,""calories"":13,""carbohydrates"":0.71}"
229,みりん,5,4,"{""fat"":0,""salt"":0,""protein"":0.02,""calories"":40.68,""carbohydrates"":0}"
230,酢,5,4,"{""fat"":0,""salt"":0,""protein"":0.01,""calories"":3.75,""carbohydrates"":0}"
231,みそ,5,4,"{""fat"":2.12,""salt"":0,""protein"":2.38,""calories"":34.92,""carbohydrates"":1.03}"
232,バター,5,4,"{""fat"":0.5,""salt"":0,""protein"":0.6,""calories"":745,""carbohydrates"":81}"
233,サラダ油,5,4,"{""fat"":0,""salt"":0,""protein"":0,""calories"":110.52,""carbohydrates"":12}"
234,オリーブオイル,5,4,"{""fat"":0,""salt"":0,""protein"":0,""calories"":110.52,""carbohydrates"":12}"
235,ごま油,5,4,"{""fat"":0,""salt"":0,""protein"":0,""calories"":110.52,""carbohydrates"":12}"
236,マヨネーズ,5,4,"{""fat"":0,""salt"":0,""protein"":0.18,""calories"":84.36,""carbohydrates"":9.04}"
237,ケチャップ,5,4,"{""fat"":0.12,""salt"":0,""protein"":0.2,""calories"":14.28,""carbohydrates"":0}"
238,ドレッシング,5,4,"{""fat"":0,""salt"":0,""protein"":1.45,""calories"":61.2,""carbohydrates"":4.47}"
239,レモン汁,5,5,"{""fat"":0,""salt"":0,""protein"":0.02,""calories"":1.3,""carbohydrates"":0.01}"
240,めんつゆ（3倍濃縮）,5,4,"{""fat"":0.74,""salt"":0,""protein"":0.81,""calories"":17.64,""carbohydrates"":0}"
241,ソース,5,4,"{""fat"":0,""salt"":0,""protein"":0.17,""calories"":19.89,""carbohydrates"":0.02}"
242,はちみつ,5,4,"{""fat"":0.02,""salt"":0,""protein"":0.04,""calories"":61.74,""carbohydrates"":0}"
243,豆板醤,5,4,"{""fat"":0.41,""salt"":3.2,""protein"":0.36,""calories"":9,""carbohydrates"":1.42}"
244,豆鼓,5,4,"{""fat"":2.21,""salt"":3.02,""protein"":5.4,""calories"":53.64,""carbohydrates"":2.84}"
245,甜麺醤,5,4,"{""fat"":1.39,""salt"":1.31,""protein"":1.53,""calories"":45,""carbohydrates"":6.86}"
246,おろし,5,5,"{""fat"":0.12,""salt"":0,""protein"":0.19,""calories"":6.84,""carbohydrates"":0.02}"
247,おろししょうが,5,5,"{""fat"":0.01,""salt"":0,""protein"":0.03,""calories"":1.72,""carbohydrates"":0.02}"
248,オイスターソース,5,4,"{""fat"":1.1,""salt"":0,""protein"":1.39,""calories"":19.26,""carbohydrates"":0.05}"
249,スープの素,5,4,"{""fat"":0.22,""salt"":2.16,""protein"":0.35,""calories"":12,""carbohydrates"":2.11}"
250,わさび,5,5,"{""fat"":0.11,""salt"":0,""protein"":0.2,""calories"":15.9,""carbohydrates"":0.62}"
251,からし,5,4,"{""fat"":0,""salt"":0,""protein"":1.06,""calories"":56.7,""carbohydrates"":2.61}"
252,ワイン,5,4,"{""fat"":0,""salt"":0,""protein"":0.02,""calories"":23.94,""carbohydrates"":0}"
253,ポン酢,5,4,"{""fat"":0,""salt"":0,""protein"":0.61,""calories"":8.46,""carbohydrates"":0.02}"
254,マスタード,5,4,"{""fat"":0.77,""salt"":0,""protein"":0.86,""calories"":31.32,""carbohydrates"":1.91}"
255,ラー油,5,4,"{""fat"":0,""salt"":0,""protein"":0.01,""calories"":110.28,""carbohydrates"":11.98}"
256,コチュジャン,5,4,"{""fat"":0.63,""salt"":0.69,""protein"":1.39,""calories"":43,""carbohydrates"":9.07}"
257,柚子こしょう,5,4,"{""fat"":0,""salt"":0,""protein"":0.23,""calories"":8.82,""carbohydrates"":0.14}"
258,ナンプラー,5,4,"{""fat"":1.05,""salt"":0,""protein"":1.55,""calories"":8.16,""carbohydrates"":0.02}"
259,バルサミコ酢,5,4,"{""fat"":0,""salt"":0,""protein"":0.07,""calories"":14.85,""carbohydrates"":0}"
260,タバスコ,5,5,"{""fat"":0.03,""salt"":0.08,""protein"":0.04,""calories"":3,""carbohydrates"":0.64}"
261,デミグラスソース,5,12,"{""fat"":0,""salt"":0,""protein"":8.41,""calories"":237.8,""carbohydrates"":8.7}"
262,チリソース,5,5,"{""fat"":0,""salt"":0,""protein"":0.32,""calories"":20.7,""carbohydrates"":0.02}"
263,塩こうじ,5,4,"{""fat"":0.16,""salt"":3.12,""protein"":0.53,""calories"":24,""carbohydrates"":5.46}"
264,たれ,5,4,"{""fat"":0.61,""salt"":0,""protein"":0.73,""calories"":28.73,""carbohydrates"":0.37}"
265,カレー粉,6,4,"{""fat"":0.61,""salt"":0,""protein"":0.78,""calories"":24.9,""carbohydrates"":0.73}"
266,パセリ,6,5,"{""fat"":0.55,""salt"":0,""protein"":0.57,""calories"":6.82,""carbohydrates"":0.04}"
267,バジル,6,5,"{""fat"":0.35,""salt"":0,""protein"":0.42,""calories"":6.14,""carbohydrates"":0.04}"
268,シナモン,6,5,"{""fat"":0.05,""salt"":0,""protein"":0.07,""calories"":7.28,""carbohydrates"":0.07}"
269,ローリエ,6,8,"{""fat"":0,""salt"":0,""protein"":0,""calories"":0,""carbohydrates"":0}"
270,ナツメグ,6,5,"{""fat"":0,""salt"":0,""protein"":0.11,""calories"":11.18,""carbohydrates"":0.77}"
271,パクチー,6,5,"{""fat"":0,""salt"":0,""protein"":0,""calories"":0,""carbohydrates"":0}"
272,とうがらし,6,7,"{""fat"":0.13,""salt"":0,""protein"":0.17,""calories"":1.75,""carbohydrates"":0.01}"
273,ローズマリー,6,5,"{""fat"":0,""salt"":0,""protein"":0,""calories"":0,""carbohydrates"":0}"
274,山椒,6,5,"{""fat"":0,""salt"":0,""protein"":0.21,""calories"":7.5,""carbohydrates"":0.12}"
275,クミン,6,5,"{""fat"":0.47,""salt"":0,""protein"":0.37,""calories"":10.1,""carbohydrates"":0.93}"
276,ターメリック,6,5,"{""fat"":0.05,""salt"":0,""protein"":0.14,""calories"":6.78,""carbohydrates"":1.44}"
277,サフラン,6,5,"{""fat"":0.12,""salt"":0,""protein"":0.22,""calories"":6.2,""carbohydrates"":1.3}"
278,オールスパイス,6,4,"{""fat"":0.34,""salt"":0.01,""protein"":0.34,""calories"":22,""carbohydrates"":4.51}"
279,ガーリックパウダー,6,5,"{""fat"":0,""salt"":0,""protein"":0.4,""calories"":7.64,""carbohydrates"":0.02}"
280,オレガノ,6,5,"{""fat"":0.1,""salt"":0,""protein"":0.16,""calories"":6.96,""carbohydrates"":1.34}"
281,タイム,6,5,"{""fat"":0,""salt"":0,""protein"":0.13,""calories"":7.04,""carbohydrates"":0.1}"
282,ミント,6,1,"{""fat"":0.5,""salt"":0,""protein"":18,""calories"":35,""carbohydrates"":7}"
283,八角,6,3,"{""fat"":1.3,""salt"":0.01,""protein"":0.7,""calories"":75,""carbohydrates"":15.2}"
284,チリパウダー,6,5,"{""fat"":0.19,""salt"":0,""protein"":0.3,""calories"":7.48,""carbohydrates"":0.16}"
285,パプリカパウダー,6,5,"{""fat"":0.23,""salt"":0,""protein"":0.31,""calories"":8,""carbohydrates"":1.11}"
286,クローブ,6,4,"{""fat"":0.31,""salt"":0,""protein"":0.43,""calories"":25.02,""carbohydrates"":0.82}"
287,カルダモン,6,5,"{""fat"":0.04,""salt"":0,""protein"":0.12,""calories"":7.04,""carbohydrates"":1.48}"
288,ディル,6,5,"{""fat"":0.02,""salt"":0,""protein"":0.06,""calories"":0.86,""carbohydrates"":0.14}"
289,セージ,6,5,"{""fat"":0,""salt"":0,""protein"":0.13,""calories"":7.68,""carbohydrates"":0.2}"
290,レモングラス,6,5,"{""fat"":0,""salt"":0,""protein"":0.03,""calories"":1.98,""carbohydrates"":0.5}"
291,チャービル,6,5,"{""fat"":0.07,""salt"":0,""protein"":0.46,""calories"":4.72,""carbohydrates"":0.98}"
292,卵,7,3,"{""fat"":5.51,""salt"":0,""protein"":6.4,""calories"":78.52,""carbohydrates"":5.36}"
293,牛乳,7,2,"{""fat"":1.45,""salt"":0,""protein"":1.65,""calories"":33.5,""carbohydrates"":1.9}"
294,豆腐,7,30,"{""fat"":18.6,""salt"":0,""protein"":19.8,""calories"":216,""carbohydrates"":12.6}"
295,ヨーグルト,7,1,"{""fat"":1.6,""salt"":0,""protein"":1.8,""calories"":31,""carbohydrates"":1.5}"
296,クリーム,7,1,"{""fat"":0.85,""salt"":0,""protein"":1,""calories"":216.5,""carbohydrates"":22.5}"
297,プロセスチーズ,7,1,"{""fat"":10.55,""salt"":0,""protein"":11.35,""calories"":169.5,""carbohydrates"":13}"
298,スライスチーズ,7,1,"{""fat"":10.55,""salt"":0,""protein"":11.35,""calories"":169.5,""carbohydrates"":13}"
299,豆乳,7,2,"{""fat"":1.65,""salt"":0,""protein"":1.8,""calories"":23,""carbohydrates"":1}"
300,納豆,7,15,"{""fat"":7.1,""salt"":0,""protein"":8.25,""calories"":100,""carbohydrates"":5}"
301,油揚げ,7,8,"{""fat"":6.72,""salt"":0,""protein"":7.02,""calories"":123,""carbohydrates"":10.32}"
302,厚揚げ,7,8,"{""fat"":22.6,""salt"":1.6,""protein"":21.4,""calories"":286,""carbohydrates"":1.8}"
303,粉チーズ,7,4,"{""fat"":2.47,""salt"":0,""protein"":2.64,""calories"":28.5,""carbohydrates"":1.85}"
304,クリームチーズ,7,15,"{""fat"":14.8,""salt"":0,""protein"":16.4,""calories"":692,""carbohydrates"":66}"
305,モッツァレラチーズ,7,3,"{""fat"":0,""salt"":0,""protein"":1.47,""calories"":22.08,""carbohydrates"":1.59}"
306,カマンベールチーズ,7,3,"{""fat"":20.76,""salt"":0,""protein"":22.92,""calories"":372,""carbohydrates"":29.64}"
307,チーズ,7,1,"{""fat"":14.7,""salt"":0,""protein"":14.45,""calories"":178,""carbohydrates"":12.5}"
308,豆,7,1,"{""fat"":16.05,""salt"":0,""protein"":16.9,""calories"":211,""carbohydrates"":9.85}"
309,大豆,7,1,"{""fat"":16.05,""salt"":0,""protein"":16.9,""calories"":211,""carbohydrates"":9.85}"
310,きなこ,7,1,"{""fat"":16.8,""salt"":0,""protein"":18.35,""calories"":225,""carbohydrates"":12.85}"
311,おから,7,1,"{""fat"":2.65,""salt"":0,""protein"":3.05,""calories"":55.5,""carbohydrates"":1.8}"
312,あずき,7,1,"{""fat"":8.5,""salt"":0,""protein"":10.15,""calories"":169.5,""carbohydrates"":1.1}"
313,高野豆腐,7,3,"{""fat"":5.46,""salt"":0.18,""protein"":8.08,""calories"":79,""carbohydrates"":0.67}"
314,湯葉,7,1,"{""fat"":10.45,""salt"":0,""protein"":10.9,""calories"":115.5,""carbohydrates"":6.85}"
315,スキムミルク,7,17,"{""fat"":0.9,""salt"":1.26,""protein"":30.6,""calories"":319,""carbohydrates"":47.97}"
316,ココナッツミルク,7,2,"{""fat"":0.9,""salt"":0,""protein"":0.95,""calories"":75,""carbohydrates"":8}"
317,サワークリーム,7,4,"{""fat"":5.69,""salt"":0.02,""protein"":0.32,""calories"":54,""carbohydrates"":0.95}"
318,うずらの卵,7,3,"{""fat"":1.11,""salt"":0,""protein"":1.26,""calories"":17.9,""carbohydrates"":1.31}"
319,ピータン,7,3,"{""fat"":0,""salt"":0,""protein"":7.54,""calories"":117.7,""carbohydrates"":9.08}"
320,わかめ,8,1,"{""fat"":0.7,""salt"":0,""protein"":0.95,""calories"":8,""carbohydrates"":0.1}"
321,ひじき,8,1,"{""fat"":3.6,""salt"":0,""protein"":4.6,""calories"":74.5,""carbohydrates"":1.6}"
322,のり,8,8,"{""fat"":0.94,""salt"":0,""protein"":1.24,""calories"":5.64,""carbohydrates"":0.11}"
323,昆布,8,1,"{""fat"":2.15,""salt"":0,""protein"":2.7,""calories"":52.5,""carbohydrates"":0.25}"
324,塩昆布,8,1,"{""fat"":0,""salt"":0,""protein"":8.45,""calories"":55,""carbohydrates"":0.2}"
325,とろろこんぶ,8,4,"{""fat"":0.09,""salt"":0.53,""protein"":0.65,""calories"":18,""carbohydrates"":5.02}"
326,青のり,8,4,"{""fat"":0.13,""salt"":0.2,""protein"":0.74,""calories"":6,""carbohydrates"":1.03}"
327,もずく,8,15,"{""fat"":0.14,""salt"":0,""protein"":0.14,""calories"":2.8,""carbohydrates"":0.07}"
328,りんご,9,3,"{""fat"":0.26,""salt"":0,""protein"":0.26,""calories"":145.35,""carbohydrates"":0.51}"
329,バナナ,9,7,"{""fat"":0.63,""salt"":0,""protein"":0.99,""calories"":77.4,""carbohydrates"":0.18}"
330,オレンジ,9,3,"{""fat"":0.6,""salt"":0,""protein"":1.08,""calories"":55.2,""carbohydrates"":0.12}"
331,いちご,9,15,"{""fat"":1.2,""salt"":0,""protein"":1.8,""calories"":68,""carbohydrates"":0.2}"
332,キウイ,9,3,"{""fat"":0.75,""salt"":0,""protein"":0.94,""calories"":49.82,""carbohydrates"":0.09}"
333,ブルーベリー,9,15,"{""fat"":0.38,""salt"":0,""protein"":0.63,""calories"":61.25,""carbohydrates"":0.13}"
334,ジャム,9,4,"{""fat"":0.06,""salt"":0,""protein"":0.08,""calories"":53.76,""carbohydrates"":0.02}"
335,ピーナッツバター,9,4,"{""fat"":2.86,""salt"":0,""protein"":3.05,""calories"":76.8,""carbohydrates"":6.08}"
336,チョコレート,9,1,"{""fat"":2.9,""salt"":0,""protein"":3.45,""calories"":279,""carbohydrates"":17.05}"
337,レーズン,9,1,"{""fat"":0.1,""salt"":2.05,""protein"":1.35,""calories"":162,""carbohydrates"":40.15}"
338,ナッツ,9,1,"{""fat"":28.37,""salt"":0,""protein"":8.93,""calories"":325,""carbohydrates"":10.43}"
339,香料,9,20,"{""fat"":0,""salt"":0,""protein"":0,""calories"":0,""carbohydrates"":0}"
340,リキュール,9,2,"{""fat"":0,""salt"":0,""protein"":0,""calories"":140,""carbohydrates"":0}"
341,ブランデー,9,2,"{""fat"":0,""salt"":0,""protein"":0,""calories"":118.5,""carbohydrates"":0}"
342,メープルシロップ,9,4,"{""fat"":0,""salt"":0,""protein"":0.02,""calories"":53.97,""carbohydrates"":0}"
343,黒みつ,9,4,"{""fat"":0,""salt"":0,""protein"":0,""calories"":32,""carbohydrates"":9.1}"
344,あんこ,9,1,"{""fat"":5.35,""salt"":0,""protein"":6.5,""calories"":29,""carbohydrates"":0.1}"
345,もも,9,3,"{""fat"":0.85,""salt"":0,""protein"":1.28,""calories"":85.2,""carbohydrates"":0.21}"
346,ぶどう,9,9,"{""fat"":0.34,""salt"":0,""protein"":0.68,""calories"":100.3,""carbohydrates"":0.17}"
347,パイナップル,9,3,"{""fat"":0.82,""salt"":0,""protein"":1.24,""calories"":105.06,""carbohydrates"":0.21}"
348,グレープフルーツ,9,3,"{""fat"":1.05,""salt"":0,""protein"":1.89,""calories"":79.8,""carbohydrates"":0.21}"
349,マンゴー,9,3,"{""fat"":0.97,""salt"":0,""protein"":1.17,""calories"":124.8,""carbohydrates"":0.2}"
350,みかん,9,3,"{""fat"":0.38,""salt"":0,""protein"":0.68,""calories"":30,""carbohydrates"":0.08}"
351,すいか,9,3,"{""fat"":1.13,""salt"":0,""protein"":2.25,""calories"":138.75,""carbohydrates"":0.38}"
352,メロン,9,29,"{""fat"":0.75,""salt"":0,""protein"":1.25,""calories"":52.5,""carbohydrates"":0.13}"
353,さくらんぼ,9,15,"{""fat"":1.6,""salt"":0,""protein"":2,""calories"":120,""carbohydrates"":0.4}"
354,柿,9,3,"{""fat"":0.55,""salt"":0,""protein"":0.73,""calories"":109.2,""carbohydrates"":0.36}"
355,梨,9,3,"{""fat"":0.51,""salt"":0,""protein"":0.76,""calories"":109.65,""carbohydrates"":0.26}"
356,あんず,9,3,"{""fat"":0.54,""salt"":0,""protein"":0.67,""calories"":24.12,""carbohydrates"":0.2}"
357,クランベリー,9,15,"{""fat"":0.09,""salt"":0,""protein"":0.34,""calories"":36,""carbohydrates"":8.79}"
358,プルーン,9,15,"{""fat"":1,""salt"":0,""protein"":1.4,""calories"":98,""carbohydrates"":0.2}"
359,洋なし,9,3,"{""fat"":0.51,""salt"":0,""protein"":0.76,""calories"":137.7,""carbohydrates"":0.26}"
360,きんかん,9,15,"{""fat"":0,""salt"":0,""protein"":1,""calories"":142,""carbohydrates"":1.4}"
361,プラム,9,3,"{""fat"":0.37,""salt"":0,""protein"":0.56,""calories"":40.92,""carbohydrates"":0.93}"
362,パパイヤ,9,3,"{""fat"":0.65,""salt"":0,""protein"":1.63,""calories"":107,""carbohydrates"":30.88}"
363,くり,9,1,"{""fat"":1.2,""salt"":0,""protein"":1.4,""calories"":82,""carbohydrates"":0.25}"
364,オレンジジュース,9,2,"{""fat"":0.15,""salt"":0,""protein"":0.35,""calories"":21,""carbohydrates"":0.05}"
365,リンゴジュース,9,2,"{""fat"":0,""salt"":0,""protein"":0.05,""calories"":21.5,""carbohydrates"":0.1}"
366,ぶどうジュース,9,2,"{""fat"":0,""salt"":0,""protein"":0.15,""calories"":23.5,""carbohydrates"":0.15}"
367,アイスクリーム,9,1,"{""fat"":1.7,""salt"":0,""protein"":1.95,""calories"":90,""carbohydrates"":4}"
368,マシュマロ,9,1,"{""fat"":1.05,""salt"":0,""protein"":1.1,""calories"":163,""carbohydrates"":0}"
369,クラッカー,9,8,"{""fat"":0.51,""salt"":0,""protein"":0.62,""calories"":25.62,""carbohydrates"":0.59}"
370,コーンフレーク,9,1,"{""fat"":3.3,""salt"":0,""protein"":3.9,""calories"":190.5,""carbohydrates"":0.85}"
371,水あめ,9,4,"{""fat"":0,""salt"":0,""protein"":0,""calories"":68.88,""carbohydrates"":0}"
372,かつお節,10,22,"{""fat"":1.88,""salt"":0,""protein"":2.27,""calories"":10.53,""carbohydrates"":0.1}"
373,こんにゃく,10,11,"{""fat"":0,""salt"":0,""protein"":0.3,""calories"":15,""carbohydrates"":0}"
374,しらたき,10,11,"{""fat"":0,""salt"":0,""protein"":0.4,""calories"":12,""carbohydrates"":0}"
375,ごま,10,4,"{""fat"":1.7,""salt"":0,""protein"":1.78,""calories"":52.02,""carbohydrates"":4.67}"
376,天かす,10,4,"{""fat"":4.7,""salt"":0.01,""protein"":0.7,""calories"":74,""carbohydrates"":2.5}"
377,キムチ,10,15,"{""fat"":0,""salt"":0,""protein"":7,""calories"":115,""carbohydrates"":0.75}"
378,ザーサイ,10,1,"{""fat"":1,""salt"":0,""protein"":1.25,""calories"":11.5,""carbohydrates"":0.05}"
379,めんま,10,1,"{""fat"":0.35,""salt"":0,""protein"":0.5,""calories"":9.5,""carbohydrates"":0.25}"
380,オリーブ,10,1,"{""fat"":0,""salt"":0,""protein"":0.5,""calories"":72.5,""carbohydrates"":7.5}"
381,ホワイトソース,10,1,"{""fat"":0.7,""salt"":0,""protein"":0.9,""calories"":49.5,""carbohydrates"":3.1}"
382,がんも,10,3,"{""fat"":5.66,""salt"":0,""protein"":5.81,""calories"":86.64,""carbohydrates"":6.76}"
383,さつま揚げ,10,3,"{""fat"":0,""salt"":0,""protein"":8.13,""calories"":90.35,""carbohydrates"":2.41}"
384,ぎょうざの皮,10,8,"{""fat"":0.5,""salt"":0,""protein"":0.56,""calories"":17.46,""carbohydrates"":0.08}"
385,ライスペーパー,10,8,"{""fat"":0.03,""salt"":0.18,""protein"":0.05,""calories"":36,""carbohydrates"":8.85}"
386,ところてん,10,15,"{""fat"":0.15,""salt"":0,""protein"":0.3,""calories"":3,""carbohydrates"":0}"
387,松の実,10,4,"{""fat"":7.25,""salt"":0,""protein"":1.46,""calories"":72,""carbohydrates"":0.81}"
388,ゆかり,10,11,"{""fat"":0.02,""salt"":0.48,""protein"":0.09,""calories"":2,""carbohydrates"":0.36}"
389,かんぴょう,10,11,"{""fat"":3.01,""salt"":0,""protein"":4.41,""calories"":182,""carbohydrates"":0.14}"
390,麩,10,3,"{""fat"":0.16,""salt"":0.02,""protein"":1.28,""calories"":17.55,""carbohydrates"":2.86}"
391,酒かす,10,15,"{""fat"":42.6,""salt"":0,""protein"":44.7,""calories"":681,""carbohydrates"":4.5}"
392,コーヒー,10,1,"{""fat"":1,""salt"":0,""protein"":1.1,""calories"":30,""carbohydrates"":1.1}"
393,紅茶,10,15,"{""fat"":0,""salt"":0.12,""protein"":0.81,""calories"":12.44,""carbohydrates"":0.1}"
394,茶,10,15,"{""fat"":0,""salt"":0.07,""protein"":0.58,""calories"":6.58,""carbohydrates"":0.08}"
395,甘栗,10,11,"{""fat"":2.92,""salt"":0,""protein"":3.33,""calories"":150.96,""carbohydrates"":0.61}"
396,甘酒,10,2,"{""fat"":0,""salt"":0,""protein"":0.85,""calories"":40.5,""carbohydrates"":0.05}"
397,梅,10,3,"{""fat"":0.08,""salt"":0,""protein"":0.15,""calories"":5.04,""carbohydrates"":0.08}"
398,梅干し,10,15,"{""fat"":0.34,""salt"":0,""protein"":0.61,""calories"":22.44,""carbohydrates"":0.14}"
399,梅酒,10,2,"{""fat"":0,""salt"":0,""protein"":0.05,""calories"":78,""carbohydrates"":0}"
400,トマトジュース,10,2,"{""fat"":0.35,""salt"":0,""protein"":0.35,""calories"":8.5,""carbohydrates"":0.05}"
401,野菜ジュース,10,2,"{""fat"":0.25,""salt"":0,""protein"":0.3,""calories"":8.5,""carbohydrates"":0}"
402,抹茶,10,4,"{""fat"":1.36,""salt"":0.19,""protein"":1.78,""calories"":19.44,""carbohydrates"":0.32}"
403,ポテトチップス,10,11,"{""fat"":2.64,""salt"":0,""protein"":2.82,""calories"":332.4,""carbohydrates"":21.12}"